"Date ","series ","OPEN ","HIGH ","LOW ","PREV. CLOSE ","ltp ","close ","vwap ","52W H ","52W L ","VOLUME ","VALUE ","No of trades "
"14-Jul-2025","EQ","1,448.00","1,457.10","1,411.90","1,440.40","1,424.40","1,421.60","1,427.22","2,399.80","1,276.00","7,879","1,12,45,095.70","1,973"
"11-Jul-2025","EQ","1,457.00","1,469.90","1,435.00","1,456.60","1,435.00","1,440.40","1,448.84","2,399.80","1,276.00","9,370","1,35,75,670.30","1,466"
"10-Jul-2025","EQ","1,462.90","1,492.00","1,452.00","1,455.20","1,452.20","1,456.60","1,469.11","2,399.80","1,276.00","8,431","1,23,86,085.50","2,143"
"09-Jul-2025","EQ","1,478.10","1,479.90","1,449.80","1,470.40","1,465.00","1,455.20","1,460.16","2,399.80","1,276.00","7,054","1,02,99,958.40","1,107"
"08-Jul-2025","EQ","1,472.10","1,496.60","1,459.80","1,485.60","1,474.70","1,470.40","1,472.79","2,399.80","1,276.00","8,116","1,19,53,196.40","1,744"
"07-Jul-2025","EQ","1,471.00","1,495.00","1,468.10","1,477.70","1,471.00","1,485.60","1,482.42","2,399.80","1,276.00","7,822","1,15,95,484.00","1,443"
"04-Jul-2025","EQ","1,488.70","1,519.60","1,465.10","1,501.00","1,471.50","1,477.70","1,486.22","2,399.80","1,276.00","20,846","3,09,81,802.90","2,189"
"03-Jul-2025","EQ","1,455.00","1,517.70","1,446.00","1,457.20","1,495.00","1,501.00","1,494.11","2,399.80","1,276.00","29,629","4,42,68,879.40","3,837"
"02-Jul-2025","EQ","1,467.10","1,490.00","1,451.20","1,467.10","1,455.00","1,457.20","1,466.89","2,399.80","1,276.00","10,635","1,56,00,328.80","1,342"
"01-Jul-2025","EQ","1,465.80","1,486.10","1,460.70","1,465.80","1,470.00","1,467.10","1,471.37","2,399.80","1,276.00","9,635","1,41,76,673.80","1,589"
"30-Jun-2025","EQ","1,446.00","1,488.90","1,432.20","1,438.40","1,470.00","1,465.80","1,463.33","2,399.80","1,276.00","18,806","2,75,19,381.60","2,704"
"27-Jun-2025","EQ","1,442.10","1,449.00","1,429.00","1,442.10","1,432.00","1,438.40","1,437.36","2,399.80","1,276.00","6,042","86,84,502.30","910"
"26-Jun-2025","EQ","1,448.70","1,455.00","1,420.10","1,441.10","1,455.00","1,442.10","1,433.37","2,399.80","1,276.00","8,004","1,14,72,718.80","1,410"
"25-Jun-2025","EQ","1,428.90","1,445.00","1,418.00","1,418.70","1,426.50","1,441.10","1,432.41","2,399.80","1,276.00","13,389","1,91,78,547.60","1,880"
"24-Jun-2025","EQ","1,395.90","1,469.30","1,395.90","1,395.90","1,405.50","1,418.70","1,429.00","2,399.80","1,276.00","19,216","2,74,59,597.60","3,342"
"23-Jun-2025","EQ","1,374.60","1,402.00","1,374.60","1,395.40","1,392.20","1,395.90","1,394.71","2,399.80","1,276.00","8,532","1,18,99,659.20","1,022"
"20-Jun-2025","EQ","1,416.00","1,440.50","1,390.00","1,424.80","1,393.00","1,395.40","1,403.96","2,399.80","1,276.00","18,344","2,57,54,257.50","3,078"
"19-Jun-2025","EQ","1,426.90","1,448.00","1,394.50","1,425.50","1,417.90","1,424.80","1,413.31","2,399.80","1,276.00","12,587","1,77,89,287.10","2,477"
"18-Jun-2025","EQ","1,448.70","1,452.00","1,415.00","1,434.40","1,421.00","1,425.50","1,429.42","2,399.80","1,276.00","11,625","1,66,17,017.50","2,158"
"17-Jun-2025","EQ","1,452.30","1,472.90","1,428.10","1,445.10","1,435.00","1,434.40","1,451.31","2,399.80","1,276.00","19,388","2,81,38,072.60","3,522"
"16-Jun-2025","EQ","1,468.00","1,483.10","1,423.30","1,464.40","1,445.60","1,445.10","1,447.95","2,399.80","1,276.00","30,887","4,47,22,965.40","4,891"
"13-Jun-2025","EQ","1,471.10","1,487.90","1,439.90","1,486.50","1,468.00","1,464.40","1,463.52","2,399.80","1,276.00","38,447","5,62,67,941.80","5,898"
"12-Jun-2025","EQ","1,484.10","1,509.00","1,443.10","1,469.40","1,485.00","1,486.50","1,478.12","2,399.80","1,276.00","36,692","5,42,35,008.00","5,498"
"11-Jun-2025","EQ","1,463.00","1,494.00","1,456.00","1,475.00","1,473.00","1,469.40","1,473.50","2,399.80","1,276.00","19,283","2,84,13,414.60","3,194"
"10-Jun-2025","EQ","1,474.00","1,545.00","1,469.90","1,476.00","1,476.00","1,475.00","1,501.94","2,399.80","1,276.00","45,543","6,84,02,719.50","5,698"
"09-Jun-2025","EQ","1,461.50","1,497.00","1,461.00","1,461.50","1,470.00","1,476.00","1,481.81","2,399.80","1,276.00","14,154","2,09,73,502.80","2,225"
"06-Jun-2025","EQ","1,481.90","1,497.90","1,452.00","1,475.20","1,463.50","1,461.50","1,470.63","2,399.80","1,276.00","10,583","1,55,63,648.20","2,046"
"05-Jun-2025","EQ","1,480.00","1,494.30","1,467.80","1,481.60","1,473.00","1,475.20","1,477.61","2,399.80","1,276.00","10,456","1,54,49,928.50","1,446"
"04-Jun-2025","EQ","1,500.00","1,509.10","1,474.70","1,509.10","1,487.50","1,481.60","1,487.85","2,399.80","1,276.00","12,890","1,91,78,425.80","1,902"
"03-Jun-2025","EQ","1,530.00","1,530.50","1,505.50","1,529.20","1,510.00","1,509.10","1,515.30","2,399.80","1,276.00","5,796","87,82,692.90","1,322"
"02-Jun-2025","EQ","1,537.90","1,548.70","1,512.10","1,530.30","1,515.00","1,529.20","1,529.15","2,399.80","1,276.00","9,483","1,45,00,934.30","1,702"
"30-May-2025","EQ","1,502.90","1,559.90","1,497.80","1,495.00","1,527.50","1,530.30","1,547.53","2,399.80","1,276.00","42,993","6,65,32,863.20","6,463"
"29-May-2025","EQ","1,512.20","1,517.90","1,483.00","1,512.20","1,496.70","1,495.00","1,492.92","2,399.80","1,276.00","13,429","2,00,48,432.20","1,953"
"28-May-2025","EQ","1,479.00","1,552.00","1,470.70","1,479.10","1,500.10","1,512.20","1,522.71","2,399.80","1,276.00","25,639","3,90,40,844.90","3,458"
"27-May-2025","EQ","1,481.90","1,500.80","1,468.90","1,476.90","1,475.20","1,479.10","1,480.40","2,399.80","1,276.00","8,032","1,18,90,541.90","1,189"
"26-May-2025","EQ","1,451.70","1,486.00","1,451.70","1,451.70","1,482.00","1,476.90","1,472.16","2,399.80","1,276.00","9,833","1,44,75,779.50","1,839"
"23-May-2025","EQ","1,462.50","1,496.70","1,444.50","1,455.50","1,446.00","1,451.70","1,465.29","2,399.80","1,276.00","10,192","1,49,34,247.70","1,790"
"22-May-2025","EQ","1,450.00","1,475.00","1,444.70","1,458.00","1,445.50","1,455.50","1,457.41","2,399.80","1,276.00","7,636","1,11,28,790.20","1,231"
"21-May-2025","EQ","1,462.20","1,479.80","1,443.20","1,454.50","1,454.10","1,458.00","1,462.70","2,399.80","1,276.00","10,129","1,48,15,722.50","1,866"
"20-May-2025","EQ","1,480.80","1,503.10","1,442.00","1,480.80","1,465.00","1,454.50","1,469.73","2,399.80","1,276.00","24,001","3,52,74,892.90","3,920"
"19-May-2025","EQ","1,482.60","1,533.00","1,470.70","1,496.20","1,483.10","1,480.80","1,502.64","2,399.80","1,276.00","27,619","4,15,01,496.70","4,118"
"16-May-2025","EQ","1,517.50","1,547.40","1,482.00","1,497.20","1,499.80","1,496.20","1,512.97","2,399.80","1,276.00","25,374","3,83,90,118.00","4,954"
"15-May-2025","EQ","1,535.00","1,547.20","1,491.00","1,520.30","1,500.00","1,497.20","1,512.00","2,399.80","1,276.00","19,452","2,94,11,477.60","2,444"
"14-May-2025","EQ","1,485.80","1,547.90","1,482.50","1,474.00","1,515.00","1,520.30","1,517.73","2,399.80","1,276.00","17,125","2,59,91,080.80","2,464"
"13-May-2025","EQ","1,505.80","1,523.20","1,467.00","1,497.90","1,470.20","1,474.00","1,492.32","2,399.80","1,276.00","18,150","2,70,85,529.30","3,770"
"12-May-2025","EQ","1,426.10","1,515.00","1,426.10","1,393.80","1,515.00","1,497.90","1,482.66","2,399.80","1,276.00","8,878","1,31,63,041.50","1,918"
"09-May-2025","EQ","1,387.50","1,404.90","1,370.00","1,408.60","1,383.00","1,393.80","1,389.53","2,399.80","1,276.00","10,423","1,44,83,039.70","2,804"
"08-May-2025","EQ","1,425.60","1,457.10","1,401.10","1,418.20","1,403.10","1,408.60","1,431.43","2,399.80","1,276.00","11,074","1,58,51,685.40","2,065"
"07-May-2025","EQ","1,430.70","1,454.50","1,404.40","1,452.50","1,426.00","1,418.20","1,421.25","2,399.80","1,276.00","17,722","2,51,87,441.10","4,082"
"06-May-2025","EQ","1,474.60","1,491.90","1,435.00","1,474.60","1,445.00","1,452.50","1,458.62","2,399.80","1,276.00","12,816","1,86,93,612.80","3,634"
"05-May-2025","EQ","1,480.00","1,500.00","1,462.10","1,501.00","1,472.00","1,474.60","1,477.72","2,399.80","1,276.00","17,037","2,51,75,860.80","4,794"
"02-May-2025","EQ","1,542.90","1,555.00","1,486.20","1,535.40","1,500.00","1,501.00","1,509.01","2,399.80","1,276.00","16,475","2,48,60,976.20","3,706"
"30-Apr-2025","EQ","1,551.50","1,561.10","1,520.00","1,565.20","1,521.00","1,535.40","1,543.25","2,399.80","1,276.00","4,653","71,80,729.70","1,601"
"29-Apr-2025","EQ","1,565.00","1,605.90","1,541.00","1,567.80","1,541.40","1,565.20","1,580.64","2,399.80","1,276.00","17,058","2,69,62,518.00","4,550"
"28-Apr-2025","EQ","1,625.00","1,625.00","1,513.80","1,632.20","1,554.00","1,567.80","1,561.61","2,399.80","1,276.00","40,023","6,25,00,251.00","9,786"
"25-Apr-2025","EQ","1,630.00","1,714.20","1,552.10","1,627.00","1,630.00","1,632.20","1,647.09","2,399.80","1,276.00","39,418","6,49,25,021.10","10,743"
"24-Apr-2025","EQ","1,630.00","1,695.40","1,614.40","1,635.00","1,625.10","1,627.00","1,650.38","2,399.80","1,276.00","16,094","2,65,61,266.10","4,583"
"23-Apr-2025","EQ","1,628.00","1,651.10","1,600.00","1,620.30","1,622.00","1,635.00","1,631.73","2,399.80","1,276.00","14,288","2,33,14,095.80","3,555"
"22-Apr-2025","EQ","1,576.00","1,629.60","1,546.60","1,572.80","1,608.00","1,620.30","1,590.93","2,399.80","1,276.00","12,928","2,05,67,600.40","3,246"
"21-Apr-2025","EQ","1,512.60","1,582.00","1,499.30","1,517.70","1,564.20","1,572.80","1,555.70","2,399.80","1,276.00","16,455","2,55,99,053.70","7,164"
"17-Apr-2025","EQ","1,509.30","1,566.70","1,490.80","1,518.40","1,512.60","1,517.70","1,530.94","2,399.80","1,276.00","19,829","3,03,56,948.60","6,445"
"16-Apr-2025","EQ","1,434.80","1,547.30","1,401.00","1,427.70","1,520.00","1,518.40","1,497.26","2,399.80","1,276.00","39,167","5,86,43,037.40","10,410"
"15-Apr-2025","EQ","1,410.80","1,440.40","1,393.50","1,387.25","1,430.00","1,427.70","1,418.09","2,399.80","1,276.00","17,446","2,47,40,039.20","4,672"
"11-Apr-2025","EQ","1,325.95","1,449.00","1,315.45","1,296.45","1,375.00","1,387.25","1,407.04","2,399.80","1,276.00","85,686","12,05,63,650.55","14,758"
"09-Apr-2025","EQ","1,343.50","1,370.95","1,276.00","1,339.15","1,285.30","1,296.45","1,308.36","2,399.80","1,276.00","39,077","5,11,26,835.60","10,000"
"08-Apr-2025","EQ","1,374.60","1,400.05","1,320.50","1,338.05","1,324.25","1,339.15","1,347.48","2,399.80","1,278.05","13,181","1,77,61,137.80","3,371"
"07-Apr-2025","EQ","1,400.00","1,400.00","1,278.05","1,440.15","1,357.20","1,338.05","1,314.31","2,399.80","1,278.05","31,377","4,12,39,062.40","8,509"
"04-Apr-2025","EQ","1,538.60","1,554.00","1,413.20","1,562.05","1,448.95","1,440.15","1,478.93","2,399.80","1,278.80","19,375","2,86,54,187.15","5,016"
"03-Apr-2025","EQ","1,538.40","1,595.85","1,488.00","1,530.30","1,560.00","1,562.05","1,533.14","2,399.80","1,278.80","14,629","2,24,28,272.15","3,760"
"02-Apr-2025","EQ","1,542.50","1,561.55","1,520.50","1,556.70","1,525.00","1,530.30","1,539.49","2,399.80","1,278.80","3,570","54,95,994.60","1,017"
"01-Apr-2025","EQ","1,552.90","1,590.00","1,515.00","1,559.50","1,535.65","1,556.70","1,552.93","2,399.80","1,278.80","14,199","2,20,50,067.05","3,103"
"28-Mar-2025","EQ","1,522.00","1,577.65","1,512.20","1,522.60","1,570.00","1,559.50","1,540.76","2,399.80","1,278.80","25,189","3,88,10,168.25","7,580"
"27-Mar-2025","EQ","1,522.90","1,581.70","1,475.60","1,522.90","1,514.90","1,522.60","1,541.15","2,399.80","1,278.80","21,938","3,38,09,843.40","5,945"
"26-Mar-2025","EQ","1,525.00","1,669.85","1,515.00","1,563.70","1,538.00","1,522.90","1,602.72","2,399.80","1,278.80","56,660","9,08,10,253.20","13,073"
"25-Mar-2025","EQ","1,493.40","1,575.00","1,493.40","1,487.80","1,561.30","1,563.70","1,551.72","2,399.80","1,278.80","49,589","7,69,48,311.40","9,893"
"24-Mar-2025","EQ","1,411.70","1,515.00","1,405.35","1,404.25","1,486.55","1,487.80","1,472.48","2,399.80","1,278.80","28,265","4,16,19,547.70","7,446"
"21-Mar-2025","EQ","1,411.40","1,460.00","1,390.00","1,406.30","1,394.00","1,404.25","1,424.41","2,399.80","1,278.80","14,349","2,04,38,820.30","3,789"
"20-Mar-2025","EQ","1,427.95","1,465.65","1,397.00","1,426.30","1,398.00","1,406.30","1,438.75","2,399.80","1,278.80","38,021","5,47,02,617.90","7,448"
"19-Mar-2025","EQ","1,491.10","1,512.00","1,413.00","1,496.20","1,417.60","1,426.30","1,454.50","2,399.80","1,278.80","46,159","6,71,38,349.15","6,192"
"18-Mar-2025","EQ","1,372.00","1,555.05","1,372.00","1,361.85","1,509.95","1,496.20","1,495.77","2,399.80","1,278.80","44,800","6,70,10,651.45","8,199"
"17-Mar-2025","EQ","1,423.95","1,435.95","1,352.00","1,406.55","1,370.00","1,361.85","1,390.68","2,399.80","1,278.80","23,603","3,28,24,112.10","4,516"
"13-Mar-2025","EQ","1,460.30","1,494.95","1,393.00","1,453.00","1,393.00","1,406.55","1,425.34","2,399.80","1,278.80","20,070","2,86,06,478.90","4,413"
"12-Mar-2025","EQ","1,471.10","1,474.45","1,431.95","1,463.40","1,450.05","1,453.00","1,452.10","2,399.80","1,278.80","13,895","2,01,76,922.60","2,798"
"11-Mar-2025","EQ","1,486.85","1,500.00","1,445.65","1,504.75","1,453.55","1,463.40","1,475.75","2,399.80","1,278.80","29,097","4,29,39,788.00","3,374"
"10-Mar-2025","EQ","1,609.65","1,627.00","1,481.00","1,609.65","1,481.00","1,504.75","1,544.82","2,399.80","1,278.80","12,991","2,00,68,701.70","1,279"
"07-Mar-2025","EQ","1,628.00","1,635.00","1,600.00","1,625.35","1,605.00","1,609.65","1,615.21","2,399.80","1,278.80","7,747","1,25,13,069.20","1,325"
"06-Mar-2025","EQ","1,620.10","1,658.25","1,595.00","1,628.25","1,634.10","1,625.35","1,620.77","2,399.80","1,278.80","10,126","1,64,11,876.45","2,728"
"05-Mar-2025","EQ","1,576.40","1,665.90","1,561.05","1,590.90","1,605.00","1,628.25","1,631.02","2,399.80","1,278.80","6,960","1,13,51,915.75","1,391"
"04-Mar-2025","EQ","1,520.90","1,600.00","1,504.05","1,529.45","1,589.00","1,590.90","1,570.91","2,399.80","1,278.80","10,233","1,60,75,090.70","1,350"
"03-Mar-2025","EQ","1,605.00","1,605.45","1,521.00","1,602.05","1,521.35","1,529.45","1,551.57","2,399.80","1,278.80","7,007","1,08,71,860.10","1,375"
"28-Feb-2025","EQ","1,580.70","1,623.85","1,551.15","1,595.20","1,582.60","1,602.05","1,585.14","2,399.80","1,278.80","20,426","3,23,78,166.85","3,495"
"27-Feb-2025","EQ","1,641.00","1,656.45","1,590.00","1,647.85","1,590.00","1,595.20","1,624.21","2,399.80","1,278.80","9,385","1,52,43,226.20","1,302"
"25-Feb-2025","EQ","1,700.00","1,722.00","1,639.00","1,699.90","1,650.00","1,647.85","1,663.74","2,399.80","1,278.80","12,734","2,11,86,012.75","1,193"
"24-Feb-2025","EQ","1,700.00","1,719.00","1,671.00","1,702.70","1,719.00","1,699.90","1,687.92","2,399.80","1,278.80","7,000","1,18,15,444.40","707"
"21-Feb-2025","EQ","1,700.00","1,737.85","1,700.00","1,700.25","1,700.00","1,702.70","1,710.01","2,399.80","1,278.80","5,099","87,19,357.35","1,168"
"20-Feb-2025","EQ","1,702.80","1,740.15","1,693.20","1,718.40","1,700.00","1,700.25","1,714.40","2,399.80","1,278.80","3,764","64,53,007.30","930"
"19-Feb-2025","EQ","1,721.70","1,768.95","1,708.25","1,721.70","1,710.05","1,718.40","1,738.44","2,399.80","1,278.80","4,360","75,79,587.25","1,093"
"18-Feb-2025","EQ","1,738.40","1,760.00","1,649.95","1,741.40","1,729.60","1,721.70","1,697.38","2,399.80","1,278.80","9,941","1,68,73,672.55","1,654"
"17-Feb-2025","EQ","1,832.30","1,841.60","1,725.00","1,860.20","1,725.00","1,741.40","1,769.42","2,399.80","1,278.80","10,665","1,88,70,829.70","2,569"
"14-Feb-2025","EQ","1,773.05","1,895.95","1,725.00","1,782.15","1,790.90","1,860.20","1,789.51","2,399.80","1,278.80","25,075","4,48,71,858.80","3,875"
"13-Feb-2025","EQ","1,785.80","1,814.95","1,742.85","1,758.75","1,779.00","1,782.15","1,782.84","2,399.80","1,278.80","16,331","2,91,15,570.90","2,430"
"12-Feb-2025","EQ","1,750.00","1,779.00","1,689.50","1,756.65","1,765.00","1,758.75","1,731.49","2,399.80","1,278.80","10,137","1,75,52,122.10","2,556"
"11-Feb-2025","EQ","1,834.00","1,836.05","1,743.00","1,829.35","1,765.00","1,756.65","1,778.09","2,399.80","1,278.80","10,157","1,80,60,098.55","1,485"
"10-Feb-2025","EQ","1,887.55","1,889.95","1,817.00","1,866.10","1,834.00","1,829.35","1,845.30","2,399.80","1,278.80","6,194","1,14,29,790.95","1,572"
"07-Feb-2025","EQ","1,904.20","1,912.25","1,852.00","1,894.20","1,885.00","1,866.10","1,882.87","2,399.80","1,278.80","10,999","2,07,09,723.65","1,878"
"06-Feb-2025","EQ","1,920.00","1,938.65","1,887.95","1,917.80","1,911.00","1,894.20","1,906.37","2,399.80","1,278.80","5,787","1,10,32,154.10","825"
"05-Feb-2025","EQ","1,900.00","1,966.05","1,900.00","1,897.85","1,929.95","1,917.80","1,933.58","2,399.80","1,278.80","3,180","61,48,785.25","844"
"04-Feb-2025","EQ","1,941.20","1,941.20","1,872.00","1,916.25","1,905.00","1,897.85","1,901.44","2,399.80","1,278.80","3,619","68,81,303.50","752"
"03-Feb-2025","EQ","1,979.80","1,979.80","1,898.45","1,987.25","1,912.00","1,916.25","1,920.96","2,399.80","1,278.80","8,650","1,66,16,321.80","1,855"
"01-Feb-2025","EQ","1,970.15","1,999.95","1,922.20","2,000.15","1,997.10","1,987.25","1,961.38","2,399.80","1,278.80","13,032","2,55,60,695.40","2,745"
"31-Jan-2025","EQ","1,742.95","2,042.00","1,742.95","1,738.20","1,985.10","2,000.15","1,971.58","2,399.80","1,278.80","98,149","19,35,08,549.95","13,944"
"30-Jan-2025","EQ","1,795.10","1,820.60","1,725.20","1,785.75","1,749.90","1,738.20","1,757.96","2,399.80","1,278.80","8,559","1,50,46,391.05","1,799"
"29-Jan-2025","EQ","1,721.00","1,843.40","1,721.00","1,750.40","1,770.50","1,785.75","1,798.73","2,399.80","1,278.80","12,009","2,16,00,893.00","3,736"
"28-Jan-2025","EQ","1,821.05","1,846.30","1,674.80","1,845.70","1,752.90","1,750.40","1,738.49","2,399.80","1,278.80","17,798","3,09,41,625.35","2,837"
"27-Jan-2025","EQ","1,960.00","1,960.15","1,829.40","1,995.15","1,831.10","1,845.70","1,886.74","2,399.80","1,278.80","19,570","3,69,23,548.40","2,782"
"24-Jan-2025","EQ","2,025.05","2,062.40","1,990.00","2,062.95","1,993.00","1,995.15","2,023.50","2,399.80","1,278.80","4,072","82,39,699.85","839"
"23-Jan-2025","EQ","2,000.05","2,080.00","2,000.00","2,062.05","2,062.00","2,062.95","2,053.33","2,399.80","1,278.80","3,054","62,70,855.60","1,118"
"22-Jan-2025","EQ","1,970.00","2,078.80","1,958.70","1,976.70","2,056.00","2,062.05","2,011.58","2,399.80","1,278.80","15,697","3,15,75,734.45","3,278"
"21-Jan-2025","EQ","2,098.95","2,098.95","1,963.60","2,048.25","1,991.00","1,976.70","2,002.08","2,399.80","1,278.80","11,391","2,28,05,698.05","1,828"
"20-Jan-2025","EQ","2,038.20","2,060.00","1,995.20","2,038.20","2,050.10","2,048.25","2,017.16","2,399.80","1,278.80","8,238","1,66,17,328.55","1,416"
"17-Jan-2025","EQ","2,107.45","2,107.60","2,020.00","2,080.40","2,046.00","2,038.20","2,043.44","2,399.80","1,278.80","7,083","1,44,73,653.45","1,200"
"16-Jan-2025","EQ","2,106.55","2,121.00","2,070.00","2,118.30","2,099.00","2,080.40","2,089.84","2,399.80","1,278.80","4,071","85,07,753.75","916"
"15-Jan-2025","EQ","2,062.00","2,148.80","2,062.00","2,080.60","2,126.90","2,118.30","2,119.47","2,399.80","1,278.80","5,658","1,19,91,979.40","1,273"
"14-Jan-2025","EQ","2,026.65","2,100.00","2,026.65","2,031.55","2,075.00","2,080.60","2,067.49","2,399.80","1,278.80","3,368","69,63,314.25","916"
"13-Jan-2025","EQ","2,126.00","2,135.90","2,020.10","2,145.50","2,038.20","2,031.55","2,080.73","2,399.80","1,278.80","9,488","1,97,41,987.65","1,916"
"10-Jan-2025","EQ","2,162.70","2,179.75","2,120.00","2,151.35","2,153.00","2,145.50","2,150.95","2,399.80","1,278.80","12,875","2,76,93,499.60","2,063"
"09-Jan-2025","EQ","2,193.25","2,193.25","2,146.50","2,165.10","2,164.45","2,151.35","2,154.08","2,399.80","1,278.80","3,517","75,75,909.60","826"
"08-Jan-2025","EQ","2,173.00","2,217.95","2,136.15","2,161.80","2,185.00","2,165.10","2,169.69","2,399.80","1,278.80","10,154","2,20,31,076.35","2,839"
"07-Jan-2025","EQ","2,130.00","2,202.05","2,120.25","2,120.60","2,172.95","2,161.80","2,158.20","2,399.80","1,278.80","12,559","2,71,04,772.80","2,434"
"06-Jan-2025","EQ","2,136.00","2,147.15","2,010.10","2,141.55","2,120.00","2,120.60","2,077.61","2,399.80","1,278.80","27,189","5,64,88,018.00","4,910"
"03-Jan-2025","EQ","2,196.75","2,200.90","2,132.85","2,188.00","2,154.85","2,141.55","2,170.65","2,399.80","1,278.80","4,758","1,03,27,932.60","1,428"
"02-Jan-2025","EQ","2,096.50","2,215.00","2,084.55","2,101.60","2,196.00","2,188.00","2,180.65","2,399.80","1,278.80","26,258","5,72,59,593.55","4,216"
"01-Jan-2025","EQ","2,125.20","2,137.30","2,082.95","2,121.00","2,085.00","2,101.60","2,111.06","2,399.80","1,278.80","4,048","85,45,557.00","708"
"31-Dec-2024","EQ","2,134.95","2,151.65","2,105.10","2,123.85","2,125.00","2,121.00","2,116.70","2,399.80","1,278.80","2,981","63,09,893.90","803"
"30-Dec-2024","EQ","2,155.30","2,155.30","2,086.55","2,144.05","2,110.00","2,123.85","2,125.35","2,399.80","1,278.80","8,811","1,87,26,440.40","1,684"
"27-Dec-2024","EQ","2,111.20","2,173.15","2,083.20","2,100.10","2,138.00","2,144.05","2,128.96","2,399.80","1,278.80","10,139","2,15,85,498.60","1,927"
"26-Dec-2024","EQ","2,107.50","2,125.00","2,068.05","2,126.85","2,100.00","2,100.10","2,089.90","2,399.80","1,278.80","8,186","1,71,07,901.85","1,335"
"24-Dec-2024","EQ","2,082.65","2,152.00","2,080.10","2,080.65","2,103.00","2,126.85","2,123.94","2,399.80","1,278.80","11,929","2,53,36,472.15","2,475"
"23-Dec-2024","EQ","2,080.60","2,099.90","2,074.05","2,080.60","2,086.00","2,080.65","2,084.03","2,399.80","1,278.80","8,291","1,72,78,668.40","1,593"
"20-Dec-2024","EQ","2,132.00","2,151.10","2,071.05","2,139.80","2,075.00","2,080.60","2,109.38","2,399.80","1,202.00","12,195","2,57,23,836.75","2,103"
"19-Dec-2024","EQ","2,097.50","2,153.75","2,063.80","2,097.50","2,131.90","2,139.80","2,123.81","2,399.80","1,202.00","15,769","3,34,90,420.25","3,160"
"18-Dec-2024","EQ","2,083.10","2,119.95","2,070.00","2,082.15","2,085.00","2,097.50","2,087.55","2,399.80","1,202.00","13,845","2,89,02,065.45","1,855"
"17-Dec-2024","EQ","2,080.10","2,114.80","2,034.95","2,080.10","2,075.10","2,082.15","2,068.42","2,399.80","1,202.00","14,331","2,96,42,553.00","2,843"
"16-Dec-2024","EQ","2,130.00","2,156.20","2,043.75","2,132.35","2,079.25","2,080.10","2,100.82","2,399.80","1,202.00","10,952","2,30,08,210.90","2,398"
"13-Dec-2024","EQ","2,075.35","2,162.00","2,048.00","2,075.35","2,125.00","2,132.35","2,121.97","2,399.80","1,152.00","38,160","8,09,74,363.00","8,393"
"12-Dec-2024","EQ","2,091.25","2,097.60","2,035.55","2,061.00","2,075.05","2,075.35","2,069.87","2,399.80","1,152.00","18,562","3,84,20,961.35","3,982"
"11-Dec-2024","EQ","2,105.00","2,142.40","2,041.60","2,118.95","2,060.00","2,061.00","2,075.13","2,399.80","1,152.00","27,872","5,78,38,039.00","4,208"
"10-Dec-2024","EQ","2,266.00","2,399.80","2,109.95","2,242.05","2,127.50","2,118.95","2,207.38","2,399.80","1,152.00","54,872","12,11,23,213.55","8,247"
"09-Dec-2024","EQ","2,239.00","2,252.00","2,215.00","2,234.45","2,230.20","2,242.05","2,236.48","2,285.00","1,152.00","14,635","3,27,30,865.25","2,333"
"06-Dec-2024","EQ","2,207.80","2,263.60","2,185.95","2,207.80","2,216.95","2,234.45","2,234.70","2,285.00","1,133.00","31,154","6,96,19,899.30","4,337"
"05-Dec-2024","EQ","2,218.00","2,236.45","2,174.65","2,212.70","2,205.20","2,207.80","2,201.82","2,285.00","1,133.00","39,849","8,77,40,500.55","4,615"
"04-Dec-2024","EQ","2,200.00","2,272.00","2,193.05","2,206.55","2,200.00","2,212.70","2,225.88","2,285.00","1,133.00","29,759","6,62,39,870.35","3,731"
"03-Dec-2024","EQ","2,210.00","2,237.00","2,196.85","2,212.20","2,206.00","2,206.55","2,211.33","2,285.00","1,133.00","23,412","5,17,71,653.60","2,393"
"02-Dec-2024","EQ","2,205.05","2,247.00","2,184.05","2,189.70","2,218.00","2,212.20","2,217.38","2,285.00","1,133.00","26,124","5,79,26,948.30","3,260"
"29-Nov-2024","EQ","2,115.00","2,275.05","2,114.00","2,104.50","2,207.70","2,189.70","2,220.41","2,285.00","1,133.00","1,42,877","31,72,44,887.60","12,854"
"28-Nov-2024","EQ","2,154.10","2,199.00","2,098.15","2,154.10","2,115.00","2,104.50","2,137.36","2,285.00","1,133.00","38,577","8,24,52,809.85","6,615"
"27-Nov-2024","EQ","2,216.05","2,269.15","2,134.05","2,228.65","2,140.20","2,154.10","2,191.51","2,285.00","1,133.00","38,482","8,43,33,708.55","5,680"
"26-Nov-2024","EQ","2,150.00","2,285.00","2,104.85","2,167.20","2,218.50","2,228.65","2,219.59","2,285.00","1,133.00","72,629","16,12,06,387.50","9,579"
"25-Nov-2024","EQ","2,120.00","2,224.90","2,100.00","2,118.35","2,170.30","2,167.20","2,161.84","2,238.00","1,133.00","44,437","9,60,65,484.45","6,469"
"22-Nov-2024","EQ","2,120.00","2,165.95","2,092.25","2,100.10","2,122.85","2,118.35","2,120.58","2,238.00","1,133.00","31,724","6,72,73,220.30","5,627"
"21-Nov-2024","EQ","2,103.00","2,238.00","2,051.25","2,102.60","2,100.00","2,100.10","2,148.96","2,238.00","1,133.00","1,13,929","24,48,29,264.30","11,631"
"19-Nov-2024","EQ","2,066.80","2,144.50","2,062.00","2,098.20","2,105.10","2,102.60","2,103.38","2,144.50","1,133.00","77,653","16,33,33,914.90","9,320"
"18-Nov-2024","EQ","2,015.25","2,125.00","1,952.35","2,048.05","2,079.30","2,098.20","2,058.33","2,125.00","1,133.00","1,29,037","26,56,00,390.50","16,409"
"14-Nov-2024","EQ","1,904.95","2,065.00","1,885.55","1,905.25","2,038.60","2,048.05","2,008.46","2,065.00","1,133.00","1,63,440","32,82,63,346.10","16,214"
"13-Nov-2024","EQ","1,925.00","2,019.90","1,888.75","1,946.45","1,904.00","1,905.25","1,945.76","2,055.25","1,133.00","1,48,529","28,90,02,000.75","16,756"
"12-Nov-2024","EQ","1,794.30","2,055.25","1,774.10","1,772.75","1,923.00","1,946.45","1,969.64","2,055.25","1,133.00","5,26,471","1,03,69,58,840.65","43,881"
"11-Nov-2024","EQ","1,755.70","1,834.15","1,730.00","1,745.00","1,777.00","1,772.75","1,782.28","1,955.20","1,133.00","37,145","6,62,02,615.15","4,040"
"08-Nov-2024","EQ","1,759.40","1,789.90","1,739.00","1,752.60","1,744.35","1,745.00","1,760.50","1,955.20","1,133.00","11,562","2,03,54,877.90","1,889"
"07-Nov-2024","EQ","1,770.00","1,784.95","1,727.00","1,768.35","1,751.50","1,752.60","1,753.53","1,955.20","1,133.00","12,116","2,12,45,712.50","1,988"
"06-Nov-2024","EQ","1,799.00","1,809.50","1,750.00","1,789.85","1,750.00","1,768.35","1,778.47","1,955.20","1,133.00","23,679","4,21,12,423.85","2,729"
"05-Nov-2024","EQ","1,751.00","1,825.00","1,740.00","1,740.95","1,794.00","1,789.85","1,786.37","1,955.20","1,133.00","53,800","9,61,06,608.70","5,304"
"04-Nov-2024","EQ","1,728.80","1,762.00","1,680.05","1,706.50","1,750.80","1,740.95","1,730.06","1,955.20","1,133.00","40,171","6,94,98,349.30","5,962"
"01-Nov-2024","EQ","1,695.00","1,744.80","1,694.95","1,679.30","1,709.70","1,706.50","1,707.81","1,955.20","1,131.90","6,006","1,02,57,105.50","484"
"31-Oct-2024","EQ","1,693.00","1,695.40","1,665.30","1,693.00","1,684.00","1,679.30","1,681.65","1,955.20","1,131.90","8,788","1,47,78,312.80","1,207"
"30-Oct-2024","EQ","1,720.00","1,739.05","1,690.00","1,731.10","1,696.90","1,693.00","1,717.00","1,955.20","1,131.90","9,706","1,66,65,185.15","1,617"
"29-Oct-2024","EQ","1,714.40","1,750.00","1,658.40","1,697.45","1,745.00","1,731.10","1,667.38","1,955.20","1,131.90","2,16,629","36,12,03,818.60","2,440"
"28-Oct-2024","EQ","1,550.00","1,721.85","1,524.60","1,596.25","1,707.95","1,697.45","1,623.17","1,955.20","1,131.90","27,119","4,40,18,767.75","4,200"
"25-Oct-2024","EQ","1,693.70","1,693.70","1,546.20","1,671.00","1,615.80","1,596.25","1,599.16","1,955.20","1,085.20","19,788","3,16,44,264.80","2,807"
"24-Oct-2024","EQ","1,702.40","1,713.90","1,650.00","1,713.80","1,663.20","1,671.00","1,674.56","1,955.20","1,085.20","11,623","1,94,63,368.20","1,663"
"23-Oct-2024","EQ","1,644.20","1,806.00","1,614.10","1,634.40","1,694.15","1,713.80","1,735.51","1,955.20","1,085.20","29,317","5,08,79,960.30","4,675"
"22-Oct-2024","EQ","1,714.65","1,717.95","1,614.25","1,727.20","1,635.00","1,634.40","1,668.97","1,955.20","1,085.20","11,091","1,85,10,568.75","1,624"
"21-Oct-2024","EQ","1,717.00","1,735.00","1,672.20","1,716.20","1,711.00","1,727.20","1,712.71","1,955.20","1,085.20","14,632","2,50,60,409.35","1,709"
"18-Oct-2024","EQ","1,675.00","1,750.00","1,644.95","1,698.80","1,711.95","1,716.20","1,719.41","1,955.20","1,085.20","16,616","2,85,69,687.85","2,922"
"17-Oct-2024","EQ","1,707.10","1,737.35","1,690.00","1,724.25","1,690.00","1,698.80","1,720.84","1,955.20","1,085.20","8,291","1,42,67,490.95","1,060"
"16-Oct-2024","EQ","1,739.00","1,747.35","1,702.00","1,739.80","1,727.00","1,724.25","1,724.16","1,955.20","1,085.20","8,863","1,52,81,247.95","1,250"
"15-Oct-2024","EQ","1,719.90","1,778.00","1,699.00","1,717.65","1,739.35","1,739.80","1,747.25","1,955.20","1,085.20","30,860","5,39,20,150.65","3,024"
"14-Oct-2024","EQ","1,700.00","1,744.00","1,700.00","1,706.80","1,710.00","1,717.65","1,721.11","1,955.20","1,085.20","19,149","3,29,57,494.85","1,853"
"11-Oct-2024","EQ","1,755.00","1,755.00","1,682.95","1,737.80","1,700.00","1,706.80","1,712.56","1,955.20","1,085.20","27,691","4,74,22,420.60","3,262"
"10-Oct-2024","EQ","1,635.60","1,750.55","1,620.00","1,662.30","1,750.00","1,737.80","1,695.42","1,955.20","1,085.20","1,33,921","22,70,51,735.20","13,022"
"09-Oct-2024","EQ","1,471.15","1,689.20","1,464.40","1,467.50","1,655.00","1,662.30","1,637.60","1,955.20","1,085.20","2,40,524","39,38,82,151.10","20,002"
"08-Oct-2024","EQ","1,484.20","1,484.20","1,459.75","1,464.30","1,475.00","1,467.50","1,469.65","1,955.20","1,085.20","3,317","48,74,838.90","579"
"07-Oct-2024","EQ","1,471.00","1,486.05","1,447.10","1,473.70","1,470.00","1,464.30","1,462.58","1,955.20","1,085.20","21,674","3,16,99,862.00","1,241"
"04-Oct-2024","EQ","1,453.00","1,498.00","1,439.95","1,442.55","1,463.10","1,473.70","1,466.53","1,955.20","1,067.05","10,098","1,48,09,061.45","865"
"03-Oct-2024","EQ","1,458.00","1,474.35","1,439.90","1,459.80","1,442.85","1,442.55","1,446.61","1,955.20","1,067.05","9,568","1,38,41,166.80","983"
"01-Oct-2024","EQ","1,485.30","1,485.30","1,455.10","1,465.70","1,460.00","1,459.80","1,462.18","1,955.20","1,067.05","8,533","1,24,76,775.35","693"
"30-Sep-2024","EQ","1,485.00","1,485.00","1,458.00","1,485.00","1,468.00","1,465.70","1,465.50","1,955.20","1,067.05","5,974","87,54,883.85","763"
"27-Sep-2024","EQ","1,465.15","1,490.60","1,465.15","1,460.30","1,488.00","1,485.00","1,485.35","1,955.20","1,042.25","8,370","1,24,32,351.15","899"
"26-Sep-2024","EQ","1,486.25","1,486.25","1,456.00","1,479.80","1,456.60","1,460.30","1,468.14","1,955.20","1,042.25","4,014","58,93,111.65","781"
"25-Sep-2024","EQ","1,488.20","1,492.00","1,466.95","1,488.20","1,471.00","1,479.80","1,477.43","1,955.20","1,042.25","5,585","82,51,452.55","1,226"
"24-Sep-2024","EQ","1,457.25","1,500.25","1,455.50","1,457.25","1,489.00","1,488.20","1,476.52","1,955.20","1,042.25","7,467","1,10,25,180.65","1,535"
"23-Sep-2024","EQ","1,485.80","1,491.95","1,451.10","1,485.80","1,453.95","1,457.25","1,468.42","1,955.20","1,042.25","9,186","1,34,88,873.90","1,764"
"20-Sep-2024","EQ","1,511.80","1,511.80","1,458.10","1,465.05","1,485.00","1,485.80","1,477.29","1,955.20","1,035.05","7,397","1,09,27,504.45","1,061"
"19-Sep-2024","EQ","1,490.65","1,500.00","1,442.05","1,479.80","1,462.10","1,465.05","1,461.99","1,955.20","1,035.05","14,120","2,06,43,335.50","2,377"
"18-Sep-2024","EQ","1,495.70","1,501.55","1,459.00","1,493.70","1,493.00","1,479.80","1,476.70","1,955.20","1,035.05","13,177","1,94,58,513.00","2,444"
"17-Sep-2024","EQ","1,509.35","1,539.95","1,489.55","1,498.40","1,493.10","1,493.70","1,508.50","1,955.20","1,035.05","9,318","1,40,56,193.40","2,444"
"16-Sep-2024","EQ","1,520.70","1,520.70","1,491.00","1,500.80","1,492.00","1,498.40","1,500.83","1,955.20","1,035.05","4,390","65,88,660.30","1,304"
"13-Sep-2024","EQ","1,520.95","1,551.90","1,495.00","1,517.15","1,515.00","1,500.80","1,520.46","1,955.20","1,012.65","14,572","2,21,56,178.85","2,539"
"12-Sep-2024","EQ","1,505.10","1,527.95","1,479.15","1,499.85","1,526.95","1,517.15","1,502.55","1,955.20","1,012.65","16,885","2,53,70,537.45","2,171"
"11-Sep-2024","EQ","1,534.00","1,534.00","1,494.85","1,519.55","1,499.00","1,499.85","1,502.02","1,955.20","1,012.65","18,244","2,74,02,826.15","1,478"
"10-Sep-2024","EQ","1,515.55","1,530.90","1,507.55","1,508.30","1,520.40","1,519.55","1,518.36","1,955.20","1,012.65","9,712","1,47,46,337.05","1,181"
"09-Sep-2024","EQ","1,508.30","1,529.95","1,490.00","1,508.30","1,502.00","1,508.30","1,499.84","1,955.20","1,012.65","8,037","1,20,54,176.50","1,361"
"06-Sep-2024","EQ","1,511.50","1,546.15","1,501.00","1,526.35","1,507.05","1,508.30","1,521.95","1,955.20","982.05","6,845","1,04,17,733.95","1,629"
"05-Sep-2024","EQ","1,540.00","1,547.00","1,515.00","1,523.55","1,522.25","1,526.35","1,531.50","1,955.20","982.05","9,822","1,50,42,402.90","1,850"
"04-Sep-2024","EQ","1,512.35","1,543.45","1,505.75","1,534.65","1,538.90","1,523.55","1,527.36","1,955.20","982.05","9,907","1,51,31,521.15","1,937"
"03-Sep-2024","EQ","1,569.95","1,596.55","1,525.75","1,575.75","1,536.00","1,534.65","1,551.84","1,955.20","982.05","19,396","3,00,99,437.50","3,259"
"02-Sep-2024","EQ","1,588.05","1,594.60","1,558.05","1,582.90","1,570.00","1,575.75","1,574.09","1,955.20","982.05","11,720","1,84,48,325.80","1,877"
"30-Aug-2024","EQ","1,556.00","1,614.00","1,543.35","1,552.80","1,584.50","1,582.90","1,583.95","1,955.20","929.40","16,974","2,68,85,883.45","3,173"
"29-Aug-2024","EQ","1,610.00","1,627.95","1,540.00","1,604.30","1,555.85","1,552.80","1,572.62","1,955.20","929.40","15,568","2,44,82,485.60","2,575"
"28-Aug-2024","EQ","1,620.05","1,668.95","1,590.00","1,621.95","1,603.80","1,604.30","1,641.68","1,955.20","929.40","48,180","7,90,95,988.45","2,815"
"27-Aug-2024","EQ","1,619.55","1,640.40","1,609.60","1,619.55","1,620.00","1,621.95","1,623.73","1,955.20","929.40","15,184","2,46,54,693.85","1,026"
"26-Aug-2024","EQ","1,630.80","1,654.55","1,610.10","1,633.55","1,626.25","1,619.55","1,635.73","1,955.20","929.40","11,984","1,96,02,553.65","1,278"
"23-Aug-2024","EQ","1,673.00","1,673.00","1,631.00","1,661.05","1,631.00","1,633.55","1,642.58","1,955.20","929.40","6,739","1,10,69,335.90","1,125"
"22-Aug-2024","EQ","1,662.00","1,687.00","1,650.00","1,660.75","1,662.00","1,661.05","1,670.69","1,955.20","929.40","14,354","2,39,81,116.50","2,384"
"21-Aug-2024","EQ","1,643.00","1,679.00","1,641.10","1,638.95","1,655.35","1,660.75","1,659.94","1,955.20","929.40","17,706","2,93,90,925.45","2,578"
"20-Aug-2024","EQ","1,575.05","1,656.80","1,570.00","1,557.80","1,640.00","1,638.95","1,622.12","1,955.20","929.40","39,730","6,44,47,005.60","5,343"
"19-Aug-2024","EQ","1,582.00","1,582.25","1,539.90","1,562.75","1,572.00","1,557.80","1,559.34","1,955.20","929.40","11,982","1,86,84,044.25","1,715"
"16-Aug-2024","EQ","1,558.80","1,574.00","1,552.00","1,540.70","1,574.00","1,562.75","1,559.25","1,955.20","918.05","13,110","2,04,41,746.95","1,601"
"14-Aug-2024","EQ","1,569.85","1,569.95","1,540.00","1,565.25","1,540.00","1,540.70","1,545.95","1,955.20","918.05","5,819","89,95,890.90","1,021"
"13-Aug-2024","EQ","1,590.00","1,616.55","1,560.00","1,587.65","1,560.05","1,565.25","1,592.19","1,955.20","918.05","7,396","1,17,75,816.45","1,401"
"12-Aug-2024","EQ","1,607.80","1,634.15","1,579.90","1,607.55","1,588.00","1,587.65","1,600.90","1,955.20","918.05","7,063","1,13,07,159.20","1,606"
"09-Aug-2024","EQ","1,622.50","1,622.50","1,600.00","1,600.80","1,608.00","1,607.55","1,608.23","1,955.20","918.05","4,986","80,18,623.95","1,083"
"08-Aug-2024","EQ","1,626.65","1,644.45","1,595.00","1,643.05","1,601.00","1,600.80","1,609.40","1,955.20","918.05","8,481","1,36,49,341.90","2,100"
"07-Aug-2024","EQ","1,591.10","1,651.95","1,591.10","1,587.70","1,645.00","1,643.05","1,629.31","1,955.20","918.05","6,953","1,13,28,602.75","1,972"
"06-Aug-2024","EQ","1,616.25","1,655.00","1,575.00","1,622.25","1,590.00","1,587.70","1,601.17","1,955.20","918.05","40,306","6,45,36,596.95","4,233"
"05-Aug-2024","EQ","1,601.05","1,677.65","1,589.55","1,668.30","1,620.60","1,622.25","1,618.91","1,955.20","918.05","25,767","4,17,14,407.45","4,324"
"02-Aug-2024","EQ","1,651.00","1,682.95","1,629.80","1,669.90","1,650.00","1,668.30","1,656.03","1,955.20","905.35","11,035","1,82,74,332.65","2,295"
"01-Aug-2024","EQ","1,724.90","1,741.95","1,643.05","1,677.25","1,668.00","1,669.90","1,677.36","1,955.20","905.35","47,881","8,03,13,493.75","8,001"
"31-Jul-2024","EQ","1,715.00","1,734.00","1,660.00","1,695.00","1,680.50","1,677.25","1,697.48","1,955.20","905.35","15,886","2,69,66,128.85","3,394"
"30-Jul-2024","EQ","1,704.00","1,727.50","1,690.05","1,711.50","1,697.70","1,695.00","1,703.14","1,955.20","905.35","6,556","1,11,65,766.20","1,471"
"29-Jul-2024","EQ","1,735.45","1,749.00","1,684.00","1,712.75","1,713.70","1,711.50","1,717.23","1,955.20","905.35","11,126","1,91,05,887.65","2,376"
"26-Jul-2024","EQ","1,681.95","1,725.05","1,681.95","1,686.00","1,708.00","1,712.75","1,711.83","1,955.20","905.35","8,828","1,51,12,073.40","1,862"
"25-Jul-2024","EQ","1,677.95","1,711.30","1,657.35","1,664.85","1,688.30","1,686.00","1,684.66","1,955.20","905.35","7,243","1,22,02,018.10","2,136"
"24-Jul-2024","EQ","1,684.60","1,695.25","1,620.10","1,656.65","1,679.95","1,664.85","1,671.44","1,955.20","905.35","7,819","1,30,68,996.20","2,270"
"23-Jul-2024","EQ","1,647.50","1,668.00","1,575.05","1,647.45","1,650.00","1,656.65","1,635.00","1,955.20","905.35","19,963","3,26,39,512.65","3,619"
"22-Jul-2024","EQ","1,616.05","1,700.00","1,616.05","1,682.90","1,641.00","1,647.45","1,661.60","1,955.20","905.35","27,473","4,56,49,269.30","5,479"
"19-Jul-2024","EQ","1,736.90","1,739.35","1,660.25","1,745.55","1,661.55","1,682.90","1,706.36","1,955.20","905.35","15,180","2,59,02,567.35","2,731"
"18-Jul-2024","EQ","1,781.00","1,789.00","1,724.65","1,777.10","1,748.50","1,745.55","1,749.81","1,955.20","905.35","18,776","3,28,54,501.15","3,843"
"16-Jul-2024","EQ","1,761.25","1,804.25","1,760.30","1,746.25","1,772.30","1,777.10","1,772.90","1,955.20","905.35","10,716","1,89,98,444.80","1,832"
"15-Jul-2024","EQ","1,778.15","1,836.50","1,734.00","1,778.15","1,760.00","1,746.25","1,764.81","1,955.20","905.35","12,227","2,15,78,286.70","2,638"